<Objs Version="1.1.0.1" xmlns="http://schemas.microsoft.com/powershell/2004/04">
  <Obj RefId="0">
    <TN RefId="0">
      <T>Microsoft.PowerShell.Commands.PSRepositoryItemInfo</T>
      <T>System.Management.Automation.PSCustomObject</T>
      <T>System.Object</T>
    </TN>
    <MS>
      <S N="Name">StorageDsc</S>
      <S N="Version">5.1.0</S>
      <S N="Type">Module</S>
      <S N="Description">DSC resources for managing storage on Windows Servers.</S>
      <S N="Author">DSC Community</S>
      <Obj N="CompanyName" RefId="1">
        <TN RefId="1">
          <T>System.Object[]</T>
          <T>System.Array</T>
          <T>System.Object</T>
        </TN>
        <LST>
          <S>PowerShellTeam</S>
          <S>gaelcolas</S>
          <S>dsccommunity</S>
        </LST>
      </Obj>
      <S N="Copyright">Copyright the DSC Community contributors. All rights reserved.</S>
      <DT N="PublishedDate">2023-02-22T20:05:01+01:00</DT>
      <Nil N="InstalledDate" />
      <Nil N="UpdatedDate" />
      <URI N="LicenseUri">https://github.com/dsccommunity/StorageDsc/blob/main/LICENSE</URI>
      <URI N="ProjectUri">https://github.com/dsccommunity/StorageDsc</URI>
      <URI N="IconUri">https://dsccommunity.org/images/DSC_Logo_300p.png</URI>
      <Obj N="Tags" RefId="2">
        <TNRef RefId="1" />
        <LST>
          <S>DesiredStateConfiguration</S>
          <S>DSC</S>
          <S>DSCResource</S>
          <S>Disk</S>
          <S>Storage</S>
          <S>Partition</S>
          <S>Volume</S>
          <S>PSModule</S>
        </LST>
      </Obj>
      <Obj N="Includes" RefId="3">
        <TN RefId="2">
          <T>System.Collections.Hashtable</T>
          <T>System.Object</T>
        </TN>
        <DCT>
          <En>
            <S N="Key">Workflow</S>
            <Obj N="Value" RefId="4">
              <TNRef RefId="1" />
              <LST />
            </Obj>
          </En>
          <En>
            <S N="Key">Cmdlet</S>
            <Ref N="Value" RefId="4" />
          </En>
          <En>
            <S N="Key">Function</S>
            <Ref N="Value" RefId="4" />
          </En>
          <En>
            <S N="Key">DscResource</S>
            <Obj N="Value" RefId="5">
              <TNRef RefId="1" />
              <LST>
                <S>DiskAccessPath</S>
                <S>MountImage</S>
                <S>OpticalDiskDriveLetter</S>
                <S>WaitForDisk</S>
                <S>WaitForVolume</S>
                <S>Disk</S>
              </LST>
            </Obj>
          </En>
          <En>
            <S N="Key">Command</S>
            <Ref N="Value" RefId="4" />
          </En>
          <En>
            <S N="Key">RoleCapability</S>
            <Ref N="Value" RefId="4" />
          </En>
        </DCT>
      </Obj>
      <Nil N="PowerShellGetFormatVersion" />
      <S N="ReleaseNotes">## [5.1.0] - 2023-02-22_x000D__x000A__x000D__x000A_### Changed_x000D__x000A__x000D__x000A_- Renamed `master` branch to `main` - Fixes [Issue #250](https://github.com/dsccommunity/StorageDsc/issues/250)._x000D__x000A_- Added support for publishing code coverage to `CodeCov.io` and_x000D__x000A_  Azure Pipelines - Fixes [Issue #255](https://github.com/dsccommunity/StorageDsc/issues/255)._x000D__x000A_- Updated build to use `Sampler.GitHubTasks` - Fixes [Issue #254](https://github.com/dsccommunity/StorageDsc/issues/254)._x000D__x000A_- Updated pipeline tasks to latest pattern._x000D__x000A_- Updated .github issue templates to standard - Fixes [Issue #263](https://github.com/dsccommunity/StorageDsc/issues/263)._x000D__x000A_- Added Create_ChangeLog_GitHub_PR task to publish stage of build pipeline._x000D__x000A_- Added SECURITY.md._x000D__x000A_- Updated pipeline Deploy_Module anb Code_Coverage jobs to use ubuntu-latest_x000D__x000A_  images - Fixes [Issue #262](https://github.com/dsccommunity/StorageDsc/issues/262)._x000D__x000A_- Updated pipeline unit tests and integration tests to use Windows Server 2019 and_x000D__x000A_  Windows Server 2022 images - Fixes [Issue #262](https://github.com/dsccommunity/StorageDsc/issues/262)._x000D__x000A_- Added support to use disk FriendlyName as a disk identifer - Fixes [Issue #268](https://github.com/dsccommunity/StorageDsc/issues/268)._x000D__x000A_- Pin Azure build agent vmImage to ubuntu-20.04  - Fixes [Issue #270] (https://github.com/dsccommunity/StorageDsc/issues/270)._x000D__x000A_- Remove confirmation prompt when Clear-Disk is called._x000D__x000A_- Add mock Clear-Disk function and verification tests._x000D__x000A_- Added support to use disk SerialNumber as a disk identifer - Fixes [Issue #259](https://github.com/dsccommunity/StorageDsc/issues/259)._x000D__x000A__x000D__x000A_### Fixed_x000D__x000A__x000D__x000A_- MountImage:_x000D__x000A_  - Corrected example `1-MountImage_DismountISO.ps1` for dismounting_x000D__x000A_    ISO - Fixes [Issue #221](https://github.com/dsccommunity/StorageDsc/issues/221)._x000D__x000A_- Updated `GitVersion.yml` to latest pattern - Fixes [Issue #252](https://github.com/dsccommunity/StorageDsc/issues/252)._x000D__x000A_- Fixed pipeline by replacing the GitVersion task in the `azure-pipelines.yml`_x000D__x000A_  with a script.</S>
      <Obj N="Dependencies" RefId="6">
        <TNRef RefId="1" />
        <LST />
      </Obj>
      <S N="RepositorySourceLocation">https://www.powershellgallery.com/api/v2</S>
      <S N="Repository">PSGallery</S>
      <S N="PackageManagementProvider">NuGet</S>
      <Obj N="AdditionalMetadata" RefId="7">
        <TN RefId="3">
          <T>System.Management.Automation.PSCustomObject</T>
          <T>System.Object</T>
        </TN>
        <MS>
          <S N="copyright">Copyright the DSC Community contributors. All rights reserved.</S>
          <S N="description">DSC resources for managing storage on Windows Servers.</S>
          <S N="requireLicenseAcceptance">False</S>
          <S N="releaseNotes">## [5.1.0] - 2023-02-22_x000D__x000A__x000D__x000A_### Changed_x000D__x000A__x000D__x000A_- Renamed `master` branch to `main` - Fixes [Issue #250](https://github.com/dsccommunity/StorageDsc/issues/250)._x000D__x000A_- Added support for publishing code coverage to `CodeCov.io` and_x000D__x000A_  Azure Pipelines - Fixes [Issue #255](https://github.com/dsccommunity/StorageDsc/issues/255)._x000D__x000A_- Updated build to use `Sampler.GitHubTasks` - Fixes [Issue #254](https://github.com/dsccommunity/StorageDsc/issues/254)._x000D__x000A_- Updated pipeline tasks to latest pattern._x000D__x000A_- Updated .github issue templates to standard - Fixes [Issue #263](https://github.com/dsccommunity/StorageDsc/issues/263)._x000D__x000A_- Added Create_ChangeLog_GitHub_PR task to publish stage of build pipeline._x000D__x000A_- Added SECURITY.md._x000D__x000A_- Updated pipeline Deploy_Module anb Code_Coverage jobs to use ubuntu-latest_x000D__x000A_  images - Fixes [Issue #262](https://github.com/dsccommunity/StorageDsc/issues/262)._x000D__x000A_- Updated pipeline unit tests and integration tests to use Windows Server 2019 and_x000D__x000A_  Windows Server 2022 images - Fixes [Issue #262](https://github.com/dsccommunity/StorageDsc/issues/262)._x000D__x000A_- Added support to use disk FriendlyName as a disk identifer - Fixes [Issue #268](https://github.com/dsccommunity/StorageDsc/issues/268)._x000D__x000A_- Pin Azure build agent vmImage to ubuntu-20.04  - Fixes [Issue #270] (https://github.com/dsccommunity/StorageDsc/issues/270)._x000D__x000A_- Remove confirmation prompt when Clear-Disk is called._x000D__x000A_- Add mock Clear-Disk function and verification tests._x000D__x000A_- Added support to use disk SerialNumber as a disk identifer - Fixes [Issue #259](https://github.com/dsccommunity/StorageDsc/issues/259)._x000D__x000A__x000D__x000A_### Fixed_x000D__x000A__x000D__x000A_- MountImage:_x000D__x000A_  - Corrected example `1-MountImage_DismountISO.ps1` for dismounting_x000D__x000A_    ISO - Fixes [Issue #221](https://github.com/dsccommunity/StorageDsc/issues/221)._x000D__x000A_- Updated `GitVersion.yml` to latest pattern - Fixes [Issue #252](https://github.com/dsccommunity/StorageDsc/issues/252)._x000D__x000A_- Fixed pipeline by replacing the GitVersion task in the `azure-pipelines.yml`_x000D__x000A_  with a script.</S>
          <S N="isLatestVersion">True</S>
          <S N="isAbsoluteLatestVersion">True</S>
          <S N="versionDownloadCount">9962</S>
          <S N="downloadCount">531287</S>
          <S N="packageSize">74309</S>
          <S N="published">22/02/2023 20:05:01 +01:00</S>
          <S N="created">22/02/2023 20:05:01 +01:00</S>
          <S N="lastUpdated">08/05/2023 08:45:53 +02:00</S>
          <S N="tags">DesiredStateConfiguration DSC DSCResource Disk Storage Partition Volume PSModule PSDscResource_DiskAccessPath PSDscResource_MountImage PSDscResource_OpticalDiskDriveLetter PSDscResource_WaitForDisk PSDscResource_WaitForVolume PSDscResource_Disk PSIncludes_DscResource</S>
          <S N="developmentDependency">False</S>
          <S N="updated">2023-05-08T08:45:53Z</S>
          <S N="NormalizedVersion">5.1.0</S>
          <S N="Authors">DSC Community</S>
          <S N="IsPrerelease">false</S>
          <S N="ItemType">Module</S>
          <S N="FileList">StorageDsc.nuspec|StorageDsc.psd1|DSCResources\DSC_WaitForVolume\DSC_WaitForVolume.psm1|Modules\StorageDsc.Common\StorageDsc.Common.psm1|en-US\about_StorageDsc.help.txt|DSCResources\DSC_DiskAccessPath\en-US\DSC_DiskAccessPath.strings.psd1|DSCResources\DSC_DiskAccessPath\README.md|DSCResources\DSC_DiskAccessPath\en-US\about_DiskAccessPath.help.txt|DSCResources\DSC_DiskAccessPath\DSC_DiskAccessPath.psm1|DSCResources\DSC_MountImage\en-US\about_MountImage.help.txt|DSCResources\DSC_DiskAccessPath\DSC_DiskAccessPath.schema.mof|DSCResources\DSC_MountImage\en-US\DSC_MountImage.strings.psd1|DSCResources\DSC_MountImage\README.md|DSCResources\DSC_OpticalDiskDriveLetter\en-US\about_OpticalDiskDriveLetter.help.txt|DSCResources\DSC_MountImage\DSC_MountImage.schema.mof|DSCResources\DSC_OpticalDiskDriveLetter\en-US\DSC_OpticalDiskDriveLetter.strings.psd1|DSCResources\DSC_MountImage\DSC_MountImage.psm1|DSCResources\DSC_Disk\en-US\DSC_Disk.strings.psd1|DSCResources\DSC_OpticalDiskDriveLetter\README.md|DSCResources\DSC_Disk\en-US\about_Disk.help.txt|DSCResources\DSC_OpticalDiskDriveLetter\DSC_OpticalDiskDriveLetter.psm1|DSCResources\DSC_WaitForDisk\en-US\DSC_WaitForDisk.strings.psd1|DSCResources\DSC_OpticalDiskDriveLetter\DSC_OpticalDiskDriveLetter.schema.mof|DSCResources\DSC_WaitForDisk\en-US\about_WaitForDisk.help.txt|DSCResources\DSC_Disk\README.md|DSCResources\DSC_WaitForVolume\en-US\about_WaitForVolume.help.txt|DSCResources\DSC_Disk\DSC_Disk.psm1|DSCResources\DSC_WaitForVolume\en-US\DSC_WaitForVolume.strings.psd1|DSCResources\DSC_Disk\DSC_Disk.schema.mof|Modules\DscResource.Common\0.14.0\DscResource.Common.psd1|DSCResources\DSC_WaitForDisk\README.md|Modules\DscResource.Common\0.14.0\DscResource.Common.psm1|DSCResources\DSC_WaitForDisk\DSC_WaitForDisk.schema.mof|Modules\StorageDsc.Common\en-US\StorageDsc.Common.strings.psd1|DSCResources\DSC_WaitForDisk\DSC_WaitForDisk.psm1|Modules\DscResource.Common\0.14.0\en-US\about_DscResource.Common.help.txt|DSCResources\DSC_WaitForVolume\README.md|Modules\DscResource.Common\0.14.0\en-US\DscResource.Common.strings.psd1|DSCResources\DSC_WaitForVolume\DSC_WaitForVolume.schema.mof</S>
          <S N="GUID">00d73ca1-58b5-46b7-ac1a-5bfcf5814faf</S>
          <S N="PowerShellVersion">4.0</S>
          <S N="CLRVersion">4.0</S>
          <S N="CompanyName">DSC Community</S>
        </MS>
      </Obj>
      <S N="InstalledLocation">C:\Users\a.kersten\Downloads\StorageDsc\5.1.0</S>
    </MS>
  </Obj>
</Objs>
