<Objs Version="1.1.0.1" xmlns="http://schemas.microsoft.com/powershell/2004/04">
  <Obj RefId="0">
    <TN RefId="0">
      <T>Microsoft.PowerShell.Commands.PSRepositoryItemInfo</T>
      <T>System.Management.Automation.PSCustomObject</T>
      <T>System.Object</T>
    </TN>
    <MS>
      <S N="Name">ComputerManagementDsc</S>
      <S N="Version">9.0.0</S>
      <S N="Type">Module</S>
      <S N="Description">DSC resources for configuration of a Windows computer. These DSC resources allow you to perform computer management tasks, such as renaming the computer, joining a domain and scheduling tasks as well as configuring items such as virtual memory, event logs, time zones and power settings.</S>
      <S N="Author">DSC Community</S>
      <Obj N="CompanyName" RefId="1">
        <TN RefId="1">
          <T>System.Object[]</T>
          <T>System.Array</T>
          <T>System.Object</T>
        </TN>
        <LST>
          <S>PowerShellTeam</S>
          <S>gaelcolas</S>
          <S>dsccommunity</S>
        </LST>
      </Obj>
      <S N="Copyright">Copyright the DSC Community contributors. All rights reserved.</S>
      <DT N="PublishedDate">2023-02-22T19:46:48+01:00</DT>
      <Nil N="InstalledDate" />
      <Nil N="UpdatedDate" />
      <URI N="LicenseUri">https://github.com/dsccommunity/ComputerManagementDsc/blob/main/LICENSE</URI>
      <URI N="ProjectUri">https://github.com/dsccommunity/ComputerManagementDsc</URI>
      <URI N="IconUri">https://dsccommunity.org/images/DSC_Logo_300p.png</URI>
      <Obj N="Tags" RefId="2">
        <TNRef RefId="1" />
        <LST>
          <S>DesiredStateConfiguration</S>
          <S>DSC</S>
          <S>DSCResource</S>
          <S>PSModule</S>
        </LST>
      </Obj>
      <Obj N="Includes" RefId="3">
        <TN RefId="2">
          <T>System.Collections.Hashtable</T>
          <T>System.Object</T>
        </TN>
        <DCT>
          <En>
            <S N="Key">Workflow</S>
            <Obj N="Value" RefId="4">
              <TNRef RefId="1" />
              <LST />
            </Obj>
          </En>
          <En>
            <S N="Key">Cmdlet</S>
            <Ref N="Value" RefId="4" />
          </En>
          <En>
            <S N="Key">Function</S>
            <Ref N="Value" RefId="4" />
          </En>
          <En>
            <S N="Key">DscResource</S>
            <Obj N="Value" RefId="5">
              <TNRef RefId="1" />
              <LST>
                <S>PSResourceRepository</S>
                <S>Computer</S>
                <S>IEEnhancedSecurityConfiguration</S>
                <S>OfflineDomainJoin</S>
                <S>PendingReboot</S>
                <S>PowerPlan</S>
                <S>PowerShellExecutionPolicy</S>
                <S>RemoteDesktopAdmin</S>
                <S>ScheduledTask</S>
                <S>SmbServerConfiguration</S>
                <S>SmbShare</S>
                <S>SystemLocale</S>
                <S>TimeZone</S>
                <S>UserAccountControl</S>
                <S>VirtualMemory</S>
                <S>WindowsCapability</S>
                <S>WindowsEventLog</S>
              </LST>
            </Obj>
          </En>
          <En>
            <S N="Key">Command</S>
            <Ref N="Value" RefId="4" />
          </En>
          <En>
            <S N="Key">RoleCapability</S>
            <Ref N="Value" RefId="4" />
          </En>
        </DCT>
      </Obj>
      <Nil N="PowerShellGetFormatVersion" />
      <S N="ReleaseNotes">## [9.0.0] - 2023-02-22_x000D__x000A__x000D__x000A_### Fixed_x000D__x000A__x000D__x000A_- ScheduledTask_x000D__x000A_  - No longer conflates resource parameter `BuiltInAccount` and `*-ScheduledTask` parameter `user` - Fixes [Issue #385](https://github.com/dsccommunity/ComputerManagementDsc/issues/385)_x000D__x000A__x000D__x000A_### Added_x000D__x000A__x000D__x000A_- PSResourceRepository_x000D__x000A_  - New class-based resource to manage PowerShell Resource Repositories - Fixes [Issue #393](https://github.com/dsccommunity/ComputerManagementDsc/issues/393)_x000D__x000A_- Computer_x000D__x000A_  - Support Options Parameter for domain join - Fixes [Issue #234](https://github.com/dsccommunity/ComputerManagementDsc/issues/234)._x000D__x000A_  - When joining a computer to a domain, existing AD computer objects will be deleted - Fixes [Issue #55](https://github.com/dsccommunity/ComputerManagementDsc/issues/55), [Issue #58](https://github.com/dsccommunity/ComputerManagementDsc/issues/58)._x000D__x000A__x000D__x000A_### Changed_x000D__x000A__x000D__x000A_- BREAKING CHANGE: Windows Management Framework 5.0 is required._x000D__x000A_- ComputerManagementDsc_x000D__x000A_  - The resource names were removed from the property `DscResourcesToExport`_x000D__x000A_    in the module manifest in the source folder as the built module is_x000D__x000A_    automatically updated with this information by the pipeline - Fixes [Issue #396](https://github.com/dsccommunity/ComputerManagementDsc/issues/396)._x000D__x000A_  - Moved the build step of the pipeline to a Windows build worker when running in Azure DevOps.</S>
      <Obj N="Dependencies" RefId="6">
        <TNRef RefId="1" />
        <LST />
      </Obj>
      <S N="RepositorySourceLocation">https://www.powershellgallery.com/api/v2</S>
      <S N="Repository">PSGallery</S>
      <S N="PackageManagementProvider">NuGet</S>
      <Obj N="AdditionalMetadata" RefId="7">
        <TN RefId="3">
          <T>System.Management.Automation.PSCustomObject</T>
          <T>System.Object</T>
        </TN>
        <MS>
          <S N="copyright">Copyright the DSC Community contributors. All rights reserved.</S>
          <S N="description">DSC resources for configuration of a Windows computer. These DSC resources allow you to perform computer management tasks, such as renaming the computer, joining a domain and scheduling tasks as well as configuring items such as virtual memory, event logs, time zones and power settings.</S>
          <S N="requireLicenseAcceptance">False</S>
          <S N="releaseNotes">## [9.0.0] - 2023-02-22_x000D__x000A__x000D__x000A_### Fixed_x000D__x000A__x000D__x000A_- ScheduledTask_x000D__x000A_  - No longer conflates resource parameter `BuiltInAccount` and `*-ScheduledTask` parameter `user` - Fixes [Issue #385](https://github.com/dsccommunity/ComputerManagementDsc/issues/385)_x000D__x000A__x000D__x000A_### Added_x000D__x000A__x000D__x000A_- PSResourceRepository_x000D__x000A_  - New class-based resource to manage PowerShell Resource Repositories - Fixes [Issue #393](https://github.com/dsccommunity/ComputerManagementDsc/issues/393)_x000D__x000A_- Computer_x000D__x000A_  - Support Options Parameter for domain join - Fixes [Issue #234](https://github.com/dsccommunity/ComputerManagementDsc/issues/234)._x000D__x000A_  - When joining a computer to a domain, existing AD computer objects will be deleted - Fixes [Issue #55](https://github.com/dsccommunity/ComputerManagementDsc/issues/55), [Issue #58](https://github.com/dsccommunity/ComputerManagementDsc/issues/58)._x000D__x000A__x000D__x000A_### Changed_x000D__x000A__x000D__x000A_- BREAKING CHANGE: Windows Management Framework 5.0 is required._x000D__x000A_- ComputerManagementDsc_x000D__x000A_  - The resource names were removed from the property `DscResourcesToExport`_x000D__x000A_    in the module manifest in the source folder as the built module is_x000D__x000A_    automatically updated with this information by the pipeline - Fixes [Issue #396](https://github.com/dsccommunity/ComputerManagementDsc/issues/396)._x000D__x000A_  - Moved the build step of the pipeline to a Windows build worker when running in Azure DevOps.</S>
          <S N="isLatestVersion">True</S>
          <S N="isAbsoluteLatestVersion">False</S>
          <S N="versionDownloadCount">521930</S>
          <S N="downloadCount">41915638</S>
          <S N="packageSize">155797</S>
          <S N="published">22/02/2023 19:46:48 +01:00</S>
          <S N="created">22/02/2023 19:46:48 +01:00</S>
          <S N="lastUpdated">08/05/2023 09:05:53 +02:00</S>
          <S N="tags">DesiredStateConfiguration DSC DSCResource PSModule</S>
          <S N="developmentDependency">False</S>
          <S N="updated">2023-05-08T09:05:53Z</S>
          <S N="NormalizedVersion">9.0.0</S>
          <S N="Authors">DSC Community</S>
          <S N="IsPrerelease">false</S>
          <S N="ItemType">Module</S>
          <S N="FileList">ComputerManagementDsc.nuspec|DSCResources\DSC_UserAccountControl\DSC_UserAccountControl.schema.mof|ComputerManagementDsc.psd1|DSCResources\DSC_VirtualMemory\README.md|ComputerManagementDsc.psm1|DSCResources\DSC_VirtualMemory\DSC_VirtualMemory.psm1|en-US\PSResourceRepository.strings.psd1|DSCResources\DSC_VirtualMemory\DSC_VirtualMemory.schema.mof|en-US\about_PSResourceRepository.help.txt|DSCResources\DSC_SystemLocale\README.md|en-US\about_ComputerManagementDsc.help.txt|DSCResources\DSC_SystemLocale\DSC_SystemLocale.schema.mof|en-US\ResourceBase.strings.psd1|DSCResources\DSC_SystemLocale\DSC_SystemLocale.psm1|en-US\ComputerManagementDsc.strings.psd1|Modules\ComputerManagementDsc.Common\ComputerManagementDsc.Common.psm1|DSCResources\DSC_OfflineDomainJoin\README.md|Modules\ComputerManagementDsc.Common\SetTimeZone.cs|DSCResources\DSC_OfflineDomainJoin\DSC_OfflineDomainJoin.psm1|DSCResources\DSC_OfflineDomainJoin\en-US\about_OfflineDomainJoin.help.txt|DSCResources\DSC_OfflineDomainJoin\DSC_OfflineDomainJoin.schema.mof|DSCResources\DSC_OfflineDomainJoin\en-US\DSC_OfflineDomainJoin.strings.psd1|DSCResources\DSC_SmbServerConfiguration\README.md|DSCResources\DSC_SmbServerConfiguration\en-US\DSC_SmbServerConfiguration.strings.psd1|DSCResources\DSC_SmbServerConfiguration\DSC_SmbServerConfiguration.schema.mof|DSCResources\DSC_SmbServerConfiguration\en-US\about_SmbServerConfiguration.help.txt|DSCResources\DSC_SmbServerConfiguration\DSC_SmbServerConfiguration.data.psd1|DSCResources\DSC_SmbServerConfiguration\en-US\DSC_SmbServerConfiguration.schema.mfl|DSCResources\DSC_SmbServerConfiguration\DSC_SmbServerConfiguration.psm1|DSCResources\DSC_Computer\en-US\about_Computer.help.txt|DSCResources\DSC_Computer\README.md|DSCResources\DSC_Computer\en-US\DSC_Computer.strings.psd1|DSCResources\DSC_Computer\DSC_Computer.psm1|DSCResources\DSC_WindowsEventLog\en-US\DSC_WindowsEventLog.strings.psd1|DSCResources\DSC_Computer\DSC_Computer.schema.mof|DSCResources\DSC_WindowsEventLog\en-US\about_WindowsEventLog.help.txt|DSCResources\DSC_WindowsEventLog\README.md|DSCResources\DSC_WindowsCapability\en-US\about_WindowsCapability.help.txt|DSCResources\DSC_WindowsEventLog\DSC_WindowsEventLog.schema.mof|DSCResources\DSC_WindowsCapability\en-US\DSC_WindowsCapability.strings.psd1|DSCResources\DSC_WindowsEventLog\DSC_WindowsEventLog.psm1|DSCResources\DSC_PowerPlan\en-US\about_PowerPlan.help.txt|DSCResources\DSC_WindowsCapability\README.md|DSCResources\DSC_PowerPlan\en-US\DSC_PowerPlan.strings.psd1|DSCResources\DSC_WindowsCapability\DSC_WindowsCapability.psm1|DSCResources\DSC_PowerPlan\en-US\DSC_PowerPlan.schema.mfl|DSCResources\DSC_WindowsCapability\DSC_WindowsCapability.schema.mof|DSCResources\DSC_SmbShare\en-US\about_SmbShare.help.txt|DSCResources\DSC_PowerPlan\README.md|DSCResources\DSC_SmbShare\en-US\DSC_SmbShare.schema.mfl|DSCResources\DSC_PowerPlan\DSC_PowerPlan.schema.mof|DSCResources\DSC_SmbShare\en-US\DSC_SmbShare.strings.psd1|DSCResources\DSC_PowerPlan\DSC_PowerPlan.psm1|DSCResources\DSC_RemoteDesktopAdmin\en-US\about_RemoteDesktopAdmin.help.txt|DSCResources\DSC_SmbShare\README.md|DSCResources\DSC_RemoteDesktopAdmin\en-US\DSC_RemoteDesktopAdmin.strings.psd1|DSCResources\DSC_SmbShare\DSC_SmbShare.psm1|DSCResources\DSC_IEEnhancedSecurityConfiguration\en-US\DSC_IEEnhancedSecurityConfiguration.strings.psd1|DSCResources\DSC_SmbShare\DSC_SmbShare.schema.mof|DSCResources\DSC_IEEnhancedSecurityConfiguration\en-US\about_IEEnhancedSecurityConfiguration.help.txt|DSCResources\DSC_RemoteDesktopAdmin\README.md|DSCResources\DSC_PowerShellExecutionPolicy\en-US\DSC_PowerShellExecutionPolicy.strings.psd1|DSCResources\DSC_RemoteDesktopAdmin\DSC_RemoteDesktopAdmin.psm1|DSCResources\DSC_PowerShellExecutionPolicy\en-US\about_PowerShellExecutionPolicy.help.txt|DSCResources\DSC_RemoteDesktopAdmin\DSC_RemoteDesktopAdmin.schema.mof|DSCResources\DSC_TimeZone\en-US\DSC_TimeZone.strings.psd1|DSCResources\DSC_IEEnhancedSecurityConfiguration\README.md|DSCResources\DSC_TimeZone\en-US\about_TimeZone.help.txt|DSCResources\DSC_IEEnhancedSecurityConfiguration\DSC_IEEnhancedSecurityConfiguration.psm1|DSCResources\DSC_PendingReboot\en-US\about_PendingReboot.help.txt|DSCResources\DSC_IEEnhancedSecurityConfiguration\DSC_IEEnhancedSecurityConfiguration.schema.mof|DSCResources\DSC_PendingReboot\en-US\DSC_PendingReboot.data.psd1|DSCResources\DSC_PowerShellExecutionPolicy\README.md|DSCResources\DSC_PendingReboot\en-US\DSC_PendingReboot.strings.psd1|DSCResources\DSC_PowerShellExecutionPolicy\DSC_PowerShellExecutionPolicy.psm1|DSCResources\DSC_ScheduledTask\en-US\about_ScheduledTask.help.txt|DSCResources\DSC_PowerShellExecutionPolicy\DSC_PowerShellExecutionPolicy.schema.mof|DSCResources\DSC_ScheduledTask\en-US\DSC_ScheduledTask.strings.psd1|DSCResources\DSC_TimeZone\README.md|DSCResources\DSC_UserAccountControl\en-US\about_UserAccountControl.help.txt|DSCResources\DSC_TimeZone\DSC_TimeZone.schema.mof|DSCResources\DSC_UserAccountControl\en-US\DSC_UserAccountControl.strings.psd1|DSCResources\DSC_TimeZone\DSC_TimeZone.psm1|DSCResources\DSC_VirtualMemory\en-US\DSC_VirtualMemory.strings.psd1|DSCResources\DSC_PendingReboot\README.md|DSCResources\DSC_VirtualMemory\en-US\about_VirtualMemory.help.txt|DSCResources\DSC_PendingReboot\DSC_PendingReboot.psm1|DSCResources\DSC_SystemLocale\en-US\about_SystemLocale.help.txt|DSCResources\DSC_PendingReboot\DSC_PendingReboot.schema.mof|DSCResources\DSC_SystemLocale\en-US\DSC_SystemLocale.strings.psd1|DSCResources\DSC_ScheduledTask\README.md|Modules\DscResource.Common\0.14.0\DscResource.Common.psd1|DSCResources\DSC_ScheduledTask\DSC_ScheduledTask.schema.mof|Modules\DscResource.Common\0.14.0\DscResource.Common.psm1|DSCResources\DSC_ScheduledTask\DSC_ScheduledTask.psm1|Modules\ComputerManagementDsc.Common\en-US\ComputerManagementDsc.Common.strings.psd1|DSCResources\DSC_UserAccountControl\README.md|Modules\DscResource.Common\0.14.0\en-US\about_DscResource.Common.help.txt|DSCResources\DSC_UserAccountControl\DSC_UserAccountControl.psm1|Modules\DscResource.Common\0.14.0\en-US\DscResource.Common.strings.psd1</S>
          <S N="DscResources">PSResourceRepository Computer IEEnhancedSecurityConfiguration OfflineDomainJoin PendingReboot PowerPlan PowerShellExecutionPolicy RemoteDesktopAdmin ScheduledTask SmbServerConfiguration SmbShare SystemLocale TimeZone UserAccountControl VirtualMemory WindowsCapability WindowsEventLog</S>
          <S N="GUID">B5004952-489E-43EA-999C-F16A25355B89</S>
          <S N="PowerShellVersion">5.0</S>
          <S N="CLRVersion">4.0</S>
          <S N="CompanyName">DSC Community</S>
        </MS>
      </Obj>
      <S N="InstalledLocation">C:\Users\a.kersten\Downloads\ComputerManagementDsc\9.0.0</S>
    </MS>
  </Obj>
</Objs>
