<Objs Version="1.1.0.1" xmlns="http://schemas.microsoft.com/powershell/2004/04">
  <Obj RefId="0">
    <TN RefId="0">
      <T>Microsoft.PowerShell.Commands.PSRepositoryItemInfo</T>
      <T>System.Management.Automation.PSCustomObject</T>
      <T>System.Object</T>
    </TN>
    <MS>
      <S N="Name">ActiveDirectoryDsc</S>
      <S N="Version">6.2.0</S>
      <S N="Type">Module</S>
      <S N="Description">The ActiveDirectoryDsc module contains DSC resources for deployment and configuration of Active Directory._x000A__x000A_These DSC resources allow you to configure new domains, child domains, and high availability domain controllers, establish cross-domain trusts and manage users, groups and OUs.</S>
      <S N="Author">DSC Community</S>
      <Obj N="CompanyName" RefId="1">
        <TN RefId="1">
          <T>System.Object[]</T>
          <T>System.Array</T>
          <T>System.Object</T>
        </TN>
        <LST>
          <S>PowerShellTeam</S>
          <S>gaelcolas</S>
          <S>dsccommunity</S>
        </LST>
      </Obj>
      <S N="Copyright">Copyright the DSC Community contributors. All rights reserved.</S>
      <DT N="PublishedDate">2022-05-01T15:12:11+02:00</DT>
      <Nil N="InstalledDate" />
      <Nil N="UpdatedDate" />
      <URI N="LicenseUri">https://github.com/dsccommunity/ActiveDirectoryDsc/blob/main/LICENSE</URI>
      <URI N="ProjectUri">https://github.com/dsccommunity/ActiveDirectoryDsc</URI>
      <URI N="IconUri">https://dsccommunity.org/images/DSC_Logo_300p.png</URI>
      <Obj N="Tags" RefId="2">
        <TNRef RefId="1" />
        <LST>
          <S>DesiredStateConfiguration</S>
          <S>DSC</S>
          <S>DSCResourceKit</S>
          <S>DSCResource</S>
          <S>PSModule</S>
        </LST>
      </Obj>
      <Obj N="Includes" RefId="3">
        <TN RefId="2">
          <T>System.Collections.Hashtable</T>
          <T>System.Object</T>
        </TN>
        <DCT>
          <En>
            <S N="Key">Workflow</S>
            <Obj N="Value" RefId="4">
              <TNRef RefId="1" />
              <LST />
            </Obj>
          </En>
          <En>
            <S N="Key">Cmdlet</S>
            <Ref N="Value" RefId="4" />
          </En>
          <En>
            <S N="Key">Function</S>
            <Obj N="Value" RefId="5">
              <TNRef RefId="1" />
              <LST>
                <S>Find-DomainController</S>
              </LST>
            </Obj>
          </En>
          <En>
            <S N="Key">DscResource</S>
            <Obj N="Value" RefId="6">
              <TNRef RefId="1" />
              <LST>
                <S>ADComputer</S>
                <S>ADDomain</S>
                <S>ADDomainController</S>
                <S>ADDomainControllerProperties</S>
                <S>ADDomainDefaultPasswordPolicy</S>
                <S>ADDomainFunctionalLevel</S>
                <S>ADDomainTrust</S>
                <S>ADFineGrainedPasswordPolicy</S>
                <S>ADForestFunctionalLevel</S>
                <S>ADForestProperties</S>
                <S>ADGroup</S>
                <S>ADKDSKey</S>
                <S>ADManagedServiceAccount</S>
                <S>ADObjectEnabledState</S>
                <S>ADObjectPermissionEntry</S>
                <S>ADOptionalFeature</S>
                <S>ADOrganizationalUnit</S>
                <S>ADReplicationSite</S>
                <S>ADReplicationSiteLink</S>
                <S>ADServicePrincipalName</S>
                <S>ADUser</S>
                <S>WaitForADDomain</S>
                <S>ADReplicationSubnet</S>
              </LST>
            </Obj>
          </En>
          <En>
            <S N="Key">Command</S>
            <Obj N="Value" RefId="7">
              <TNRef RefId="1" />
              <LST>
                <S>Find-DomainController</S>
              </LST>
            </Obj>
          </En>
          <En>
            <S N="Key">RoleCapability</S>
            <Ref N="Value" RefId="4" />
          </En>
        </DCT>
      </Obj>
      <Nil N="PowerShellGetFormatVersion" />
      <Nil N="ReleaseNotes" />
      <Obj N="Dependencies" RefId="8">
        <TNRef RefId="1" />
        <LST />
      </Obj>
      <S N="RepositorySourceLocation">https://www.powershellgallery.com/api/v2</S>
      <S N="Repository">PSGallery</S>
      <S N="PackageManagementProvider">NuGet</S>
      <Obj N="AdditionalMetadata" RefId="9">
        <TN RefId="3">
          <T>System.Management.Automation.PSCustomObject</T>
          <T>System.Object</T>
        </TN>
        <MS>
          <S N="copyright">Copyright the DSC Community contributors. All rights reserved.</S>
          <S N="description">The ActiveDirectoryDsc module contains DSC resources for deployment and configuration of Active Directory._x000A__x000A_These DSC resources allow you to configure new domains, child domains, and high availability domain controllers, establish cross-domain trusts and manage users, groups and OUs.</S>
          <S N="requireLicenseAcceptance">False</S>
          <S N="isLatestVersion">True</S>
          <S N="isAbsoluteLatestVersion">False</S>
          <S N="versionDownloadCount">3356976</S>
          <S N="downloadCount">4829477</S>
          <S N="packageSize">233541</S>
          <S N="published">01/05/2022 15:12:11 +02:00</S>
          <S N="created">01/05/2022 15:12:11 +02:00</S>
          <S N="lastUpdated">08/05/2023 09:05:53 +02:00</S>
          <S N="tags">DesiredStateConfiguration DSC DSCResourceKit DSCResource PSModule PSFunction_Find-DomainController PSCommand_Find-DomainController PSIncludes_Function PSDscResource_ADComputer PSDscResource_ADDomain PSDscResource_ADDomainController PSDscResource_ADDomainControllerProperties PSDscResource_ADDomainDefaultPasswordPolicy PSDscResource_ADDomainFunctionalLevel PSDscResource_ADDomainTrust PSDscResource_ADFineGrainedPasswordPolicy PSDscResource_ADForestFunctionalLevel PSDscResource_ADForestProperties PSDscResource_ADGroup PSDscResource_ADKDSKey PSDscResource_ADManagedServiceAccount PSDscResource_ADObjectEnabledState PSDscResource_ADObjectPermissionEntry PSDscResource_ADOptionalFeature PSDscResource_ADOrganizationalUnit PSDscResource_ADReplicationSite PSDscResource_ADReplicationSiteLink PSDscResource_ADServicePrincipalName PSDscResource_ADUser PSDscResource_WaitForADDomain PSDscResource_ADReplicationSubnet PSIncludes_DscResource</S>
          <S N="developmentDependency">False</S>
          <S N="updated">2023-05-08T09:05:53Z</S>
          <S N="NormalizedVersion">6.2.0</S>
          <S N="Authors">DSC Community</S>
          <S N="IsPrerelease">false</S>
          <S N="ItemType">Module</S>
          <S N="FileList">ActiveDirectoryDsc.nuspec|ActiveDirectoryDsc.psm1|ActiveDirectoryDsc.psd1|en-US\about_ActiveDirectoryDsc.help.txt|Modules\ActiveDirectoryDsc.Common\ActiveDirectoryDsc.Common.psd1|Modules\ActiveDirectoryDsc.Common\Build-Readme.ps1|Modules\ActiveDirectoryDsc.Common\ActiveDirectoryDsc.Common.psm1|Modules\ActiveDirectoryDsc.Common\README.md|DSCResources\MSFT_ADKDSKey\MSFT_ADKDSKey.schema.mof|DSCResources\MSFT_ADKDSKey\MSFT_ADKDSKey.psm1|DSCResources\MSFT_ADKDSKey\README.md|DSCResources\MSFT_ADReplicationSubnet\MSFT_ADReplicationSubnet.psm1|DSCResources\MSFT_ADReplicationSubnet\MSFT_ADReplicationSubnet.schema.mof|DSCResources\MSFT_ADReplicationSubnet\README.md|DSCResources\MSFT_ADManagedServiceAccount\MSFT_ADManagedServiceAccount.schema.mof|DSCResources\MSFT_ADManagedServiceAccount\MSFT_ADManagedServiceAccount.psm1|DSCResources\MSFT_ADManagedServiceAccount\README.md|DSCResources\MSFT_ADDomainControllerProperties\MSFT_ADDomainControllerProperties.schema.mof|DSCResources\MSFT_ADDomainControllerProperties\MSFT_ADDomainControllerProperties.psm1|DSCResources\MSFT_ADDomainControllerProperties\README.md|DSCResources\MSFT_ADOrganizationalUnit\MSFT_ADOrganizationalUnit.psm1|DSCResources\MSFT_ADOrganizationalUnit\MSFT_ADOrganizationalUnit.schema.mof|DSCResources\MSFT_ADOrganizationalUnit\README.md|DSCResources\MSFT_ADReplicationSiteLink\MSFT_ADReplicationSiteLink.psm1|DSCResources\MSFT_ADReplicationSiteLink\MSFT_ADReplicationSiteLink.schema.mof|DSCResources\MSFT_ADReplicationSiteLink\README.md|DSCResources\MSFT_ADObjectPermissionEntry\MSFT_ADObjectPermissionEntry.psm1|DSCResources\MSFT_ADObjectPermissionEntry\MSFT_ADObjectPermissionEntry.schema.mof|DSCResources\MSFT_ADObjectPermissionEntry\README.md|DSCResources\MSFT_ADDomain\MSFT_ADDomain.psm1|DSCResources\MSFT_ADDomain\MSFT_ADDomain.schema.mof|DSCResources\MSFT_ADDomain\README.md|DSCResources\MSFT_ADDomainController\MSFT_ADDomainController.psm1|DSCResources\MSFT_ADDomainController\MSFT_ADDomainController.schema.mof|DSCResources\MSFT_ADDomainController\README.md|DSCResources\MSFT_ADDomainTrust\MSFT_ADDomainTrust.schema.mof|DSCResources\MSFT_ADDomainTrust\MSFT_ADDomainTrust.psm1|DSCResources\MSFT_ADDomainTrust\README.md|DSCResources\MSFT_ADForestFunctionalLevel\MSFT_ADForestFunctionalLevel.schema.mof|DSCResources\MSFT_ADForestFunctionalLevel\MSFT_ADForestFunctionalLevel.psm1|DSCResources\MSFT_ADForestFunctionalLevel\README.md|DSCResources\MSFT_ADDomainFunctionalLevel\MSFT_ADDomainFunctionalLevel.schema.mof|DSCResources\MSFT_ADDomainFunctionalLevel\README.md|DSCResources\MSFT_ADDomainFunctionalLevel\MSFT_ADDomainFunctionalLevel.psm1|DSCResources\MSFT_ADServicePrincipalName\MSFT_ADServicePrincipalName.schema.mof|DSCResources\MSFT_ADServicePrincipalName\MSFT_ADServicePrincipalName.psm1|DSCResources\MSFT_ADServicePrincipalName\README.md|DSCResources\MSFT_ADFineGrainedPasswordPolicy\MSFT_ADFineGrainedPasswordPolicy.psm1|DSCResources\MSFT_ADFineGrainedPasswordPolicy\MSFT_ADFineGrainedPasswordPolicy.schema.mof|DSCResources\MSFT_ADFineGrainedPasswordPolicy\README.md|DSCResources\MSFT_ADComputer\MSFT_ADComputer.psm1|DSCResources\MSFT_ADComputer\MSFT_ADComputer.schema.mof|DSCResources\MSFT_ADComputer\README.md|DSCResources\MSFT_ADUser\MSFT_ADUser.psm1|DSCResources\MSFT_ADUser\MSFT_ADUser.schema.mof|DSCResources\MSFT_ADUser\MSFT_ADUser.PropertyMap.psd1|DSCResources\MSFT_ADUser\README.md|DSCResources\MSFT_ADDomainDefaultPasswordPolicy\MSFT_ADDomainDefaultPasswordPolicy.schema.mof|DSCResources\MSFT_ADDomainDefaultPasswordPolicy\MSFT_ADDomainDefaultPasswordPolicy.psm1|DSCResources\MSFT_ADDomainDefaultPasswordPolicy\README.md|DSCResources\MSFT_ADReplicationSite\MSFT_ADReplicationSite.schema.mof|DSCResources\MSFT_ADReplicationSite\MSFT_ADReplicationSite.psm1|DSCResources\MSFT_ADReplicationSite\README.md|DSCResources\MSFT_ADForestProperties\MSFT_ADForestProperties.psm1|DSCResources\MSFT_ADForestProperties\MSFT_ADForestProperties.schema.mof|DSCResources\MSFT_ADForestProperties\README.md|DSCResources\MSFT_WaitForADDomain\MSFT_WaitForADDomain.schema.mof|DSCResources\MSFT_WaitForADDomain\MSFT_WaitForADDomain.psm1|DSCResources\MSFT_WaitForADDomain\README.md|DSCResources\MSFT_ADGroup\MSFT_ADGroup.psm1|DSCResources\MSFT_ADGroup\MSFT_ADGroup.schema.mof|DSCResources\MSFT_ADGroup\README.md|DSCResources\MSFT_ADOptionalFeature\MSFT_ADOptionalFeature.psm1|DSCResources\MSFT_ADOptionalFeature\MSFT_ADOptionalFeature.schema.mof|DSCResources\MSFT_ADOptionalFeature\README.md|DSCResources\MSFT_ADObjectEnabledState\MSFT_ADObjectEnabledState.schema.mof|DSCResources\MSFT_ADObjectEnabledState\README.md|DSCResources\MSFT_ADObjectEnabledState\MSFT_ADObjectEnabledState.psm1|Modules\DscResource.Common\0.10.3\DscResource.Common.psd1|Modules\DscResource.Common\0.10.3\DscResource.Common.psm1|Modules\ActiveDirectoryDsc.Common\en-US\ActiveDirectoryDsc.Common.strings.psd1|Modules\ActiveDirectoryDsc.Common\docs\Get-ADObjectParentDN.md|Modules\ActiveDirectoryDsc.Common\docs\New-CimCredentialInstance.md|Modules\ActiveDirectoryDsc.Common\docs\Test-IsDomainController.md|Modules\ActiveDirectoryDsc.Common\docs\Get-ByteContent.md|Modules\ActiveDirectoryDsc.Common\docs\Resolve-SamAccountName.md|Modules\ActiveDirectoryDsc.Common\docs\Resolve-MembersSecurityIdentifier.md|Modules\ActiveDirectoryDsc.Common\docs\Convert-PropertyMapToObjectProperties.md|Modules\ActiveDirectoryDsc.Common\docs\Assert-MemberParameters.md|Modules\ActiveDirectoryDsc.Common\docs\Test-Password.md|Modules\ActiveDirectoryDsc.Common\docs\Test-ADReplicationSite.md|Modules\ActiveDirectoryDsc.Common\docs\ConvertTo-DeploymentDomainMode.md|Modules\ActiveDirectoryDsc.Common\docs\Get-DomainControllerObject.md|Modules\ActiveDirectoryDsc.Common\docs\Get-DomainName.md|Modules\ActiveDirectoryDsc.Common\docs\Get-ADCommonParameters.md|Modules\ActiveDirectoryDsc.Common\docs\Test-Members.md|Modules\ActiveDirectoryDsc.Common\docs\ConvertFrom-TimeSpan.md|Modules\ActiveDirectoryDsc.Common\docs\Find-DomainController.md|Modules\ActiveDirectoryDsc.Common\docs\Remove-DuplicateMembers.md|Modules\ActiveDirectoryDsc.Common\docs\Get-CurrentUser.md|Modules\ActiveDirectoryDsc.Common\docs\Get-ADDirectoryContext.md|Modules\ActiveDirectoryDsc.Common\docs\ConvertTo-TimeSpan.md|Modules\ActiveDirectoryDsc.Common\docs\Resolve-SecurityIdentifier.md|Modules\ActiveDirectoryDsc.Common\docs\Get-ActiveDirectoryForest.md|Modules\ActiveDirectoryDsc.Common\docs\Set-ADCommonGroupMember.md|Modules\ActiveDirectoryDsc.Common\docs\Start-ProcessWithTimeout.md|Modules\ActiveDirectoryDsc.Common\docs\ConvertTo-DeploymentForestMode.md|Modules\ActiveDirectoryDsc.Common\docs\Compare-ResourcePropertyState.md|Modules\ActiveDirectoryDsc.Common\docs\Test-DomainMember.md|Modules\ActiveDirectoryDsc.Common\docs\Assert-ADPSDrive.md|Modules\ActiveDirectoryDsc.Common\docs\Get-ADDomainNameFromDistinguishedName.md|Modules\ActiveDirectoryDsc.Common\docs\Get-ActiveDirectoryDomain.md|Modules\ActiveDirectoryDsc.Common\docs\Restore-ADCommonObject.md|Modules\ActiveDirectoryDsc.Common\docs\Add-TypeAssembly.md|DSCResources\MSFT_ADKDSKey\en-US\about_ADKDSKey.help.txt|DSCResources\MSFT_ADKDSKey\en-US\MSFT_ADKDSKey.strings.psd1|DSCResources\MSFT_ADReplicationSubnet\en-US\about_ADReplicationSubnet.help.txt|DSCResources\MSFT_ADReplicationSubnet\en-US\MSFT_ADReplicationSubnet.strings.psd1|DSCResources\MSFT_ADManagedServiceAccount\en-US\about_ADManagedServiceAccount.help.txt|DSCResources\MSFT_ADManagedServiceAccount\en-US\MSFT_ADManagedServiceAccount.strings.psd1|DSCResources\MSFT_ADDomainControllerProperties\en-US\MSFT_ADDomainControllerProperties.strings.psd1|DSCResources\MSFT_ADDomainControllerProperties\en-US\about_ADDomainControllerProperties.help.txt|DSCResources\MSFT_ADOrganizationalUnit\en-US\about_ADOrganizationalUnit.help.txt|DSCResources\MSFT_ADOrganizationalUnit\en-US\MSFT_ADOrganizationalUnit.strings.psd1|DSCResources\MSFT_ADReplicationSiteLink\en-US\about_ADReplicationSiteLink.help.txt|DSCResources\MSFT_ADReplicationSiteLink\en-US\MSFT_ADReplicationSiteLink.strings.psd1|DSCResources\MSFT_ADObjectPermissionEntry\en-US\about_ADObjectPermissionEntry.help.txt|DSCResources\MSFT_ADObjectPermissionEntry\en-US\MSFT_ADObjectPermissionEntry.strings.psd1|DSCResources\MSFT_ADDomain\en-US\MSFT_ADDomain.strings.psd1|DSCResources\MSFT_ADDomain\en-US\about_ADDomain.help.txt|DSCResources\MSFT_ADDomainController\en-US\MSFT_ADDomainController.strings.psd1|DSCResources\MSFT_ADDomainController\en-US\about_ADDomainController.help.txt|DSCResources\MSFT_ADDomainTrust\en-US\MSFT_ADDomainTrust.strings.psd1|DSCResources\MSFT_ADDomainTrust\en-US\about_ADDomainTrust.help.txt|DSCResources\MSFT_ADForestFunctionalLevel\en-US\MSFT_ADForestFunctionalLevel.strings.psd1|DSCResources\MSFT_ADForestFunctionalLevel\en-US\about_ADForestFunctionalLevel.help.txt|DSCResources\MSFT_ADDomainFunctionalLevel\en-US\MSFT_ADDomainFunctionalLevel.strings.psd1|DSCResources\MSFT_ADDomainFunctionalLevel\en-US\about_ADDomainFunctionalLevel.help.txt|DSCResources\MSFT_ADServicePrincipalName\en-US\about_ADServicePrincipalName.help.txt|DSCResources\MSFT_ADServicePrincipalName\en-US\MSFT_ADServicePrincipalName.strings.psd1|DSCResources\MSFT_ADFineGrainedPasswordPolicy\en-US\MSFT_ADFineGrainedPasswordPolicy.strings.psd1|DSCResources\MSFT_ADFineGrainedPasswordPolicy\en-US\about_ADFineGrainedPasswordPolicy.help.txt|DSCResources\MSFT_ADComputer\en-US\about_ADComputer.help.txt|DSCResources\MSFT_ADComputer\en-US\MSFT_ADComputer.strings.psd1|DSCResources\MSFT_ADUser\en-US\about_ADUser.help.txt|DSCResources\MSFT_ADUser\en-US\MSFT_ADUser.strings.psd1|DSCResources\MSFT_ADDomainDefaultPasswordPolicy\en-US\about_ADDomainDefaultPasswordPolicy.help.txt|DSCResources\MSFT_ADDomainDefaultPasswordPolicy\en-US\MSFT_ADDomainDefaultPasswordPolicy.strings.psd1|DSCResources\MSFT_ADReplicationSite\en-US\about_ADReplicationSite.help.txt|DSCResources\MSFT_ADReplicationSite\en-US\MSFT_ADReplicationSite.strings.psd1|DSCResources\MSFT_ADForestProperties\en-US\MSFT_ADForestProperties.strings.psd1|DSCResources\MSFT_ADForestProperties\en-US\about_ADForestProperties.help.txt|DSCResources\MSFT_WaitForADDomain\en-US\about_WaitForADDomain.help.txt|DSCResources\MSFT_WaitForADDomain\en-US\MSFT_WaitForADDomain.strings.psd1|DSCResources\MSFT_ADGroup\en-US\about_ADGroup.help.txt|DSCResources\MSFT_ADGroup\en-US\MSFT_ADGroup.strings.psd1|DSCResources\MSFT_ADOptionalFeature\en-US\about_ADOptionalFeature.help.txt|DSCResources\MSFT_ADOptionalFeature\en-US\MSFT_ADOptionalFeature.strings.psd1|DSCResources\MSFT_ADObjectEnabledState\en-US\MSFT_ADObjectEnabledState.strings.psd1|DSCResources\MSFT_ADObjectEnabledState\en-US\about_ADObjectEnabledState.help.txt|Modules\DscResource.Common\0.10.3\en-US\DscResource.Common.strings.psd1|Modules\DscResource.Common\0.10.3\en-US\about_DscResource.Common.help.txt</S>
          <S N="GUID">9FECD4F6-8F02-4707-99B3-539E940E9FF5</S>
          <S N="PowerShellVersion">5.0</S>
          <S N="CLRVersion">4.0</S>
          <S N="CompanyName">DSC Community</S>
        </MS>
      </Obj>
      <S N="InstalledLocation">C:\Users\a.kersten\Downloads\ActiveDirectoryDsc\6.2.0</S>
    </MS>
  </Obj>
</Objs>
